tour,section,draw_position,player,entry_rank,seed,qf_probability,sf_probability,final_probability,title_probability,rating,rating_source,workbook_elo,workbook_grass_elo,workbook_rank,last_match_date,inactivity_penalty
ATP,1,1,"SINNER, Jannik (ITA)",1,,0.68305,0.5766,0.47235,0.3809,2016.03,workbook_elo,2319.8,2088.3,1,2026-05-28,0.0
ATP,1,9,"JODAR, Rafael (ESP)",26,,0.10375,0.05115,0.02455,0.0117,1716.85,workbook_elo,1998.6,1699.3,26,2026-06-02,0.0
ATP,1,16,"DARDERI, Luciano (ITA)",16,,0.0411,0.0163,0.00565,0.00245,1644.18,workbook_elo,1839.2,1620.7,16,2026-05-28,0.0
ATP,1,15,"QUINN, Ethan (USA)",63,,0.0305,0.01145,0.0044,0.00185,1624.73,workbook_elo,1775.5,1656.4,63,2026-06-18,0.0
ATP,1,11,"SHAPOVALOV, Denis (CAN)",41,,0.02575,0.00895,0.00295,0.00085,1626.34,workbook_elo,1771.7,1636.5,41,2026-06-17,0.0
ATP,1,8,"BUSE, Ignacio (PER)",34,,0.02455,0.0081,0.0029,0.0009,1628.87,workbook_elo,1826.1,1622.7,34,2026-06-17,0.0
ATP,1,3,"BORGES, Nuno (POR)",53,,0.0201,0.00615,0.00215,0.0006,1593.44,workbook_elo,1745.7,1603.3,53,2026-06-15,0.0
ATP,1,6,"BROOKSBY, Jenson (USA)",67,,0.01835,0.0069,0.0022,0.00055,1594.91,workbook_elo,1690.9,1629.4,67,2026-06-17,0.0
ATP,1,12,"CARRENO BUSTA, Pablo (ESP)",71,,0.01605,0.005,0.0018,0.00045,1600.34,workbook_elo,1800.5,1598,71,,0.0
ATP,1,2,"KECMANOVIC, Miomir (SRB)",51,,0.0136,0.00465,0.0017,0.0006,1611.76,workbook_elo,1766.2,1625.9,51,2026-06-16,0.0
ATP,1,7,"NAVA, Emilio (USA)",87,,0.01,0.00275,0.00085,0.00035,1565.20,workbook_elo,1700.2,1573.9,87,2026-05-25,0.0
ATP,1,5,"VUKIC, Aleksandar (AUS)",103,,0.00765,0.0023,0.00055,5e-05,1547.62,workbook_elo,1623.5,1578.6,103,2026-05-25,0.0
ATP,1,13,Shintaro MOCHIZUKI,150,,0.0038,0.0005,0.0001,0.0,1459.64,workbook_elo,1485.4,1524.9,150,2026-02-17,35.0
ATP,1,14,Max BASING,999,,0.00085,0.00015,5e-05,0.0,1369.00,local_elo,,,,,80.0
ATP,1,4,Tristan BOYER,193,,0.00045,0.0001,0.0,0.0,1386.28,workbook_elo,1561,1423.1,193,2025-08-28,80.0
ATP,1,10,"GILL, Felix (GBR)",220,,0.00045,0.0,0.0,0.0,1361.22,workbook_elo,1490.4,1408.3,220,,80.0
ATP,2,32,"MEDVEDEV, Daniil",9,,0.25435,0.0941,0.05335,0.03055,1798.66,workbook_elo,1977.4,1855.1,9,2026-06-19,0.0
ATP,2,24,"PAUL, Tommy (USA)",24,,0.1994,0.0685,0.0352,0.0195,1755.92,workbook_elo,1948.5,1800.8,24,2026-06-21,0.0
ATP,2,25,"NAKASHIMA, Brandon (USA)",31,,0.11725,0.03355,0.01515,0.00645,1698.38,workbook_elo,1839,1756.7,31,2026-06-20,0.0
ATP,2,17,"RUUD, Casper (NOR)",12,,0.11185,0.03345,0.0162,0.0075,1722.04,workbook_elo,1983.1,1714.8,12,2026-05-31,0.0
ATP,2,31,"CILIC, Marin (CRO)",60,,0.0694,0.01895,0.00795,0.00245,1686.72,workbook_elo,1800.4,1756.3,60,2026-06-16,0.0
ATP,2,19,"MEDJEDOVIC, Hamad (SRB)",64,,0.0472,0.01035,0.0039,0.0014,1645.46,workbook_elo,1840.5,1662.2,64,2026-06-19,0.0
ATP,2,22,"LANDALUCE, Martin (ESP)",58,,0.04585,0.00995,0.0034,0.0014,1624.21,workbook_elo,1742.5,1661.9,58,2026-06-15,0.0
ATP,2,18,"HURKACZ, Hubert (POL)",95,,0.0455,0.0109,0.00405,0.0013,1653.15,workbook_elo,1798.2,1699.9,95,2026-06-17,0.0
ATP,2,27,"STRUFF, Jan-Lennard (GER)",77,,0.02555,0.00485,0.0015,0.0003,1589.21,workbook_elo,1691.5,1623.1,77,,0.0
ATP,2,20,"OFNER, Sebastian (AUT)",111,,0.0194,0.00325,0.00095,0.00025,1585.98,workbook_elo,1713.1,1635.2,111,2026-05-26,0.0
ATP,2,28,"BAEZ, Sebastian (ARG)",56,,0.01875,0.00365,0.00135,0.00045,1568.56,workbook_elo,1759.5,1546.2,56,2026-05-18,0.0
ATP,2,29,"UGO CARABELLI, Camilo (ARG)",57,,0.016,0.00245,0.00075,0.00015,1546.01,workbook_elo,1759.2,1496.2,57,,0.0
ATP,2,23,"MULLER, Alexandre (FRA)",125,,0.00865,0.0015,0.0006,0.00025,1526.43,workbook_elo,1664.5,1516.3,125,2026-05-06,0.0
ATP,2,26,"PINNINGTON JONES, Jack (GBR)",145,,0.00815,0.0011,0.00045,0.0001,1517.22,workbook_elo,1560.7,1545.1,145,,0.0
ATP,2,30,"MERIDA, Daniel (ESP)",79,,0.0064,0.0011,0.00015,5e-05,1493.74,local_elo,,,,,0.0
ATP,2,21,Soonwoo KWON,202,,0.0063,0.0013,0.0003,0.0,1506.73,workbook_elo,1744.9,1589.2,202,,80.0
ATP,3,33,"AUGER-ALIASSIME, Felix (CAN)",4,,0.2541,0.1292,0.04455,0.02225,1759.57,workbook_elo,1957.9,1789.1,4,2026-06-19,0.0
ATP,3,48,"TIEN, Learner (USA)",18,,0.15835,0.0725,0.02085,0.00925,1709.98,workbook_elo,1941.1,1711.3,18,2026-06-17,0.0
ATP,3,40,"NORRIE, Cameron (GBR)",29,,0.1295,0.05405,0.01455,0.00595,1686.27,workbook_elo,1828.8,1719.3,29,2026-06-16,0.0
ATP,3,41,"DAVIDOVICH FOKINA, Alejandro (ESP)",25,,0.12485,0.05225,0.01325,0.00535,1690.41,workbook_elo,1862.7,1716.7,25,,0.0
ATP,3,46,"FUCSOVICS, Marton (HUN)",76,,0.06895,0.02555,0.00595,0.0027,1642.41,workbook_elo,1755.6,1694.7,76,2026-06-16,0.0
ATP,3,37,"VALLEJO, Adolfo Daniel (PAR)",73,,0.06695,0.02255,0.0049,0.0018,1607.66,workbook_elo,1754.6,1627.3,73,,0.0
ATP,3,36,"PRIZMIC, Dino (CRO)",81,,0.0531,0.01905,0.00455,0.00155,1620.18,workbook_elo,1840.7,1599.6,81,2026-05-27,0.0
ATP,3,44,"MAROZSAN, Fabian (HUN)",62,,0.0332,0.0098,0.00145,0.0005,1586.61,workbook_elo,1751.5,1585.2,62,2026-06-18,0.0
ATP,3,43,"TIRANTE, Thiago Agustin (ARG)",54,,0.0299,0.00935,0.0015,0.00055,1583.35,workbook_elo,1748.6,1562.8,54,,0.0
ATP,3,45,"VAN ASSCHE, Luca (FRA)",82,,0.0184,0.00495,0.0012,0.00045,1555.98,workbook_elo,1700.7,1555.2,82,,0.0
ATP,3,42,"CERUNDOLO, Juan Manuel (ARG)",45,,0.0183,0.00455,0.001,0.00015,1559.53,workbook_elo,1778.7,1506.7,45,,0.0
ATP,3,35,"WALTON, Adam (AUS)",92,,0.01315,0.00265,0.00035,0.0001,1526.54,workbook_elo,1691.8,1497.8,92,2026-05-28,0.0
ATP,3,39,Michael ZHENG,143,,0.01115,0.00275,0.00045,0.0001,1519.19,workbook_elo,1645.5,1489.9,143,2026-05-24,0.0
ATP,3,47,"SVRCINA, Dalibor (CZE)",113,,0.0102,0.00255,0.0004,0.0002,1515.40,workbook_elo,1647.8,1492.9,113,2026-05-07,0.0
ATP,3,34,"SHEVCHENKO, Aleksandr (KAZ)",98,,0.00885,0.0022,0.0002,5e-05,1519.98,workbook_elo,1689.3,1487.4,98,2026-05-25,0.0
ATP,3,38,Nicolas MEJIA,168,,0.00105,0.00025,5e-05,0.0,1377.31,workbook_elo,1482.5,1445,168,2025-07-16,80.0
ATP,4,64,"DJOKOVIC, Novak (SRB)",8,,0.42185,0.3111,0.1463,0.0937,1865.32,workbook_elo,2059.3,1924.9,8,2026-05-29,0.0
ATP,4,49,"RUBLEV, Andrey",13,,0.14935,0.08705,0.0293,0.01395,1739.52,workbook_elo,1902.2,1784.4,13,2026-06-16,0.0
ATP,4,56,"FONSECA, Joao (BRA)",27,,0.08795,0.0442,0.01085,0.0044,1689.68,workbook_elo,1927.6,1686.1,27,2026-06-16,0.0
ATP,4,57,"RINDERKNECH, Arthur (FRA)",28,,0.0675,0.0298,0.0069,0.00185,1629.55,workbook_elo,1779.9,1644.9,28,2026-06-16,0.0
ATP,4,62,"TSITSIPAS, Stefanos (GRE)",88,,0.0592,0.0289,0.00705,0.00305,1660.29,workbook_elo,1842.7,1695.4,88,2026-05-28,0.0
ATP,4,54,"HIJIKATA, Rinky (AUS)",83,,0.04535,0.01915,0.0043,0.0015,1625.28,workbook_elo,1747.2,1681.6,83,2026-06-19,0.0
ATP,4,60,"DAMM, Martin (USA)",105,,0.0413,0.01685,0.00375,0.0014,1611.78,workbook_elo,1719.3,1666.7,105,2026-06-16,0.0
ATP,4,52,"VAN DE ZANDSCHULP, Botic (NED)",52,,0.03205,0.0138,0.00245,0.0009,1597.99,workbook_elo,1743.5,1595.4,52,,0.0
ATP,4,55,"BAUTISTA AGUT, Roberto (ESP)",163,,0.02445,0.0096,0.0018,0.00065,1605.67,workbook_elo,1700.2,1661.8,163,,0.0
ATP,4,50,Roman SAFIULLIN,127,,0.0226,0.00885,0.0016,0.00055,1599.10,workbook_elo,1732,1617.9,127,2026-06-09,0.0
ATP,4,63,"WU, Yibing (CHN)",99,,0.01225,0.0047,0.00105,0.00035,1574.98,workbook_elo,1763.2,1556.3,99,2026-06-10,0.0
ATP,4,53,"DE JONG, Jesper (NED)",74,,0.0118,0.0044,0.001,0.0004,1551.34,workbook_elo,1707,1534.5,74,,0.0
ATP,4,59,"TRUNGELLITI, Marco (ARG)",94,,0.0089,0.00235,0.0002,0.00015,1513.94,workbook_elo,1644.7,1490.2,94,2026-05-27,0.0
ATP,4,61,Hugo GASTON,117,,0.0072,0.0024,0.00025,0.0,1522.64,workbook_elo,1621,1508.6,117,2026-05-28,0.0
ATP,4,51,"KOVACEVIC, Aleksandar (USA)",70,,0.00715,0.00235,0.0005,0.0001,1508.50,workbook_elo,1645.3,1490.5,70,2026-06-16,0.0
ATP,4,58,Oliver TARVET,349,,0.0011,0.0003,5e-05,0.0,1403.12,workbook_elo,1488.9,1504.2,349,2025-07-02,80.0
ATP,5,65,"DE MINAUR, Alex (AUS)",6,,0.2477,0.14835,0.08115,0.03105,1781.15,workbook_elo,1961,1833.9,6,,0.0
ATP,5,80,"COBOLLI, Flavio (ITA)",10,,0.13285,0.0657,0.0313,0.0095,1717.56,workbook_elo,1896.3,1742.2,10,2026-06-15,0.0
ATP,5,73,"KHACHANOV, Karen",22,,0.13175,0.06075,0.0255,0.00745,1690.72,workbook_elo,1828.1,1724.8,22,2026-06-16,0.0
ATP,5,71,"MAJCHRZAK, Kamil (POL)",46,,0.07875,0.03595,0.01505,0.0044,1683.52,workbook_elo,1801.5,1757.1,46,2026-06-16,0.0
ATP,5,77,"GRIEKSPOOR, Tallon (NED)",39,,0.06865,0.02935,0.01185,0.00305,1658.01,workbook_elo,1789.5,1720.8,39,2026-06-16,0.0
ATP,5,72,"TABILO, Alejandro (CHI)",33,,0.0653,0.0283,0.01115,0.0023,1668.72,workbook_elo,1832.2,1697.3,33,2026-06-16,0.0
ATP,5,75,"HANFMANN, Yannick (GER)",55,,0.0404,0.0145,0.00445,0.001,1622.31,workbook_elo,1780.6,1644.6,55,2026-06-18,0.0
ATP,5,76,"MPETSHI PERRICARD, Giovanni (FRA)",84,,0.03785,0.01495,0.0054,0.0012,1616.16,workbook_elo,1737,1661.2,84,,0.0
ATP,5,70,"SVAJDA, Zachary (USA)",69,,0.0377,0.0136,0.00395,0.00075,1621.74,workbook_elo,1730.1,1677.4,69,2026-06-15,0.0
ATP,5,69,"BELLUCCI, Mattia (ITA)",65,,0.0348,0.0132,0.00425,0.001,1621.58,workbook_elo,1729.6,1675.3,65,2026-06-18,0.0
ATP,5,67,"MANNARINO, Adrian (FRA)",40,,0.03315,0.01335,0.0046,0.00105,1609.30,workbook_elo,1679.6,1667.4,40,2026-06-17,0.0
ATP,5,79,"NAVONE, Mariano (ARG)",38,,0.03115,0.0111,0.00435,0.0007,1612.53,workbook_elo,1840.2,1584.9,38,2026-05-27,0.0
ATP,5,68,"DROGUET, Titouan (FRA)",115,,0.0298,0.01075,0.0038,0.0008,1602.83,workbook_elo,1717.5,1630.5,115,2026-05-24,0.0
ATP,5,66,"BURRUCHAGA, Roman Andres (ARG)",66,,0.0164,0.0053,0.00105,0.0001,1580.06,workbook_elo,1724.2,1577.8,66,2026-05-28,0.0
ATP,5,78,"DUCKWORTH, James (AUS)",78,,0.01175,0.0027,0.00055,5e-05,1540.84,workbook_elo,1640.1,1560.1,78,2026-06-11,0.0
ATP,5,74,Billy HARRIS,140,,0.002,0.0003,5e-05,0.0,1420.22,workbook_elo,1515.5,1519.7,140,2025-09-18,80.0
ATP,6,96,"SHELTON, Ben (USA)",5,,0.2629,0.1694,0.09415,0.03805,1798.37,workbook_elo,1960.5,1863.4,5,2026-06-19,0.0
ATP,6,88,"FILS, Arthur (FRA)",23,,0.1611,0.09885,0.0511,0.01925,1771.53,workbook_elo,2020.6,1796.4,23,2026-05-01,0.0
ATP,6,81,"MENSIK, Jakub (CZE)",17,,0.12655,0.0653,0.02965,0.00955,1707.66,workbook_elo,1931.3,1715.7,17,2026-06-16,0.0
ATP,6,89,"HUMBERT, Ugo (FRA)",30,,0.08825,0.04425,0.01785,0.00545,1691.10,workbook_elo,1852.3,1738.2,30,2026-06-20,0.0
ATP,6,86,"BERRETTINI, Matteo (ITA)",49,,0.0731,0.03685,0.01535,0.00415,1682.71,workbook_elo,1831.4,1739,49,2026-06-01,0.0
ATP,6,87,"COLLIGNON, Raphael (BEL)",43,,0.0707,0.03585,0.01645,0.0051,1703.99,workbook_elo,1914.9,1751.5,43,2026-06-19,0.0
ATP,6,84,"DIMITROV, Grigor (BUL)",164,,0.05745,0.02235,0.00745,0.0014,1627.73,workbook_elo,1753.9,1661.7,164,2026-04-23,0.0
ATP,6,95,Otto VIRTANEN,137,,0.03135,0.0133,0.0046,0.0011,1629.75,workbook_elo,1719,1694.2,137,2026-06-10,0.0
ATP,6,91,"SHIMABUKURO, Sho (JPN)",89,,0.0273,0.011,0.0033,0.0007,1594.42,workbook_elo,1680.3,1656.9,89,2026-06-17,0.0
ATP,6,94,"FERY, Arthur (GBR)",118,,0.02405,0.00885,0.00305,0.0003,1581.40,workbook_elo,1722.3,1602.9,118,2026-06-19,0.0
ATP,6,90,"BERGS, Zizou (BEL)",48,,0.0236,0.0093,0.0028,0.00025,1596.28,workbook_elo,1748,1618.7,48,2026-06-17,0.0
ATP,6,92,Jaime FARIA,97,,0.02285,0.0077,0.0022,0.00055,1585.59,workbook_elo,1696.2,1604.3,97,2026-05-30,0.0
ATP,6,85,"WAWRINKA, Stan (SUI)",110,,0.01285,0.0043,0.0012,0.0001,1566.76,workbook_elo,1677.9,1589.8,110,2026-05-25,0.0
ATP,6,93,"DZUMHUR, Damir (BIH)",104,,0.009,0.00215,0.0003,0.0,1521.41,workbook_elo,1627,1526.8,104,2026-05-24,0.0
ATP,6,82,"SAMUEL, Toby (GBR)",142,,0.0078,0.0022,0.0005,5e-05,1518.95,workbook_elo,1650.2,1505.2,142,2026-06-16,0.0
ATP,6,83,Dane SWEENY,126,,0.00115,0.0002,0.0,0.0,1389.06,workbook_elo,1477.5,1370.2,126,2026-01-22,35.0
ATP,7,97,"FRITZ, Taylor (USA)",7,,0.2754,0.1503,0.08895,0.0337,1782.25,workbook_elo,1909,1856.6,7,2026-06-21,0.0
ATP,7,105,"TIAFOE, Frances (USA)",19,,0.2129,0.1092,0.0588,0.0208,1759.50,workbook_elo,1918.1,1823.4,19,2026-06-21,0.0
ATP,7,112,"BUBLIK, Alexander (KAZ)",11,,0.1966,0.0993,0.05175,0.0182,1745.98,workbook_elo,1889.2,1802,11,2026-06-16,0.0
ATP,7,101,"BONZI, Benjamin (FRA)",93,,0.0475,0.0179,0.0057,0.00135,1627.33,workbook_elo,1749.6,1678.1,93,2026-06-12,0.0
ATP,7,104,"ETCHEVERRY, Tomas Martin (ARG)",32,,0.0415,0.0138,0.0053,0.00115,1616.59,workbook_elo,1826.7,1589.4,32,2026-06-16,0.0
ATP,7,103,"SONEGO, Lorenzo (ITA)",72,,0.03615,0.0116,0.00435,0.0009,1605.57,workbook_elo,1714.9,1634.9,72,2026-06-17,0.0
ATP,7,107,"KOPRIVA, Vit (CZE)",68,,0.0311,0.00945,0.00285,0.00055,1579.57,workbook_elo,1726.2,1588.5,68,2026-06-16,0.0
ATP,7,102,"DIALLO, Gabriel (CAN)",91,,0.0288,0.00905,0.00265,0.0005,1592.14,workbook_elo,1692.5,1627.7,91,2026-06-16,0.0
ATP,7,98,"DRAPER, Jack (GBR)",160,,0.0275,0.0091,0.0028,0.0005,1597.64,workbook_elo,1807.8,1653.9,160,2026-03-20,35.0
ATP,7,109,Kyrian JACQUET,136,,0.027,0.00885,0.0032,0.00065,1574.27,workbook_elo,1663.6,1601.6,136,2026-05-24,0.0
ATP,7,106,"ATMANE, Terence (FRA)",50,,0.01835,0.0054,0.00205,0.0003,1571.11,workbook_elo,1718.4,1562.6,50,2026-06-17,0.0
ATP,7,100,Mackenzie MCDONALD,144,,0.0171,0.0051,0.00135,0.00025,1538.25,workbook_elo,1618.2,1547.5,144,2026-04-01,0.0
ATP,7,111,"KOKKINAKIS, Thanasi (AUS) PR",77,,0.01645,0.0047,0.0014,0.00055,1561.63,local_elo,,,,2026-05-25,0.0
ATP,7,110,Vilius GAUBAS,129,,0.0107,0.00215,0.0008,0.0001,1515.81,workbook_elo,1569.3,1523.4,129,2026-05-25,0.0
ATP,7,99,"KYPSON, Patrick (USA)",114,,0.00815,0.0018,0.00035,0.0001,1502.60,workbook_elo,1640.5,1482.5,114,2026-05-06,0.0
ATP,7,108,"CHOINSKI, Jan (GBR)",106,,0.0048,0.0007,0.0002,5e-05,1478.14,workbook_elo,1635.6,1433.7,106,2026-03-31,0.0
ATP,8,128,"ZVEREV, Alexander (GER)",3,,0.37625,0.26015,0.18065,0.0854,1862.74,workbook_elo,2099.8,1913.6,3,2026-06-20,0.0
ATP,8,113,"LEHECKA, Jiri (CZE)",14,,0.1489,0.0808,0.0437,0.01475,1747.91,workbook_elo,1921.6,1798.4,14,2026-06-18,0.0
ATP,8,120,"CERUNDOLO, Francisco (ARG)",21,,0.11995,0.06175,0.03145,0.0104,1731.62,workbook_elo,1931.1,1783.5,21,2026-06-21,0.0
ATP,8,117,"MICHELSEN, Alex (USA)",42,,0.06315,0.02755,0.0112,0.0031,1664.24,workbook_elo,1825,1710.1,42,2026-05-29,0.0
ATP,8,127,"BLOCKX, Alexander (BEL)",37,,0.05455,0.0267,0.0106,0.0029,1687.77,workbook_elo,1905.5,1697.8,37,2026-05-24,0.0
ATP,8,123,"MOUTET, Corentin (FRA)",36,,0.0413,0.01615,0.00595,0.0015,1636.98,workbook_elo,1763.1,1677,36,2026-06-18,0.0
ATP,8,124,"GIRON, Marcos (USA)",86,,0.0291,0.0104,0.0039,0.00065,1613.50,workbook_elo,1736,1659.7,86,2026-06-16,0.0
ATP,8,121,"ARNALDI, Matteo (ITA)",35,,0.029,0.011,0.0041,0.00085,1616.04,workbook_elo,1840.6,1621.6,35,2026-06-01,0.0
ATP,8,115,"MOLCAN, Alex (SVK)",102,,0.0283,0.01015,0.0045,0.0011,1612.72,workbook_elo,1760.7,1625,102,2026-04-18,0.0
ATP,8,122,"HALYS, Quentin (FRA)",101,,0.02315,0.0081,0.0034,0.0006,1592.80,workbook_elo,1715.2,1627.6,101,2026-06-09,0.0
ATP,8,119,"MUNAR, Jaume (ESP)",44,,0.02295,0.00845,0.00285,0.0005,1613.33,workbook_elo,1776.8,1612.8,44,2026-06-09,0.0
ATP,8,116,"ALTMAIER, Daniel (GER)",59,,0.0185,0.00665,0.00265,0.0004,1591.01,workbook_elo,1736.3,1618.8,59,2026-06-20,0.0
ATP,8,125,"ROYER, Valentin (FRA)",75,,0.01645,0.00485,0.00145,0.0001,1560.91,workbook_elo,1649.7,1600.6,75,2026-05-27,0.0
ATP,8,114,"POPYRIN, Alexei (AUS)",100,,0.01525,0.0054,0.0016,0.0003,1590.95,workbook_elo,1754.5,1609.4,100,2026-06-16,0.0
ATP,8,118,"FEARNLEY, Jacob (GBR)",152,,0.007,0.0019,0.0004,0.0001,1518.53,workbook_elo,1600.4,1546.6,152,2026-05-26,0.0
ATP,8,126,"WENDELKEN, Harry (GBR)",203,,0.0062,0.0016,0.0007,5e-05,1507.67,workbook_elo,1594.9,1505.4,203,2026-06-15,0.0
WTA,1,1,"SABALENKA, Aryna",1,,0.572,0.44125,0.32135,0.22435,1940.89,workbook_elo,2220,1987.2,1,2026-06-20,0.0
WTA,1,16,"OSAKA, Naomi (JPN)",15,,0.16095,0.0829,0.0397,0.0177,1735.23,workbook_elo,1972.4,1741.1,15,2026-06-01,0.0
WTA,1,12,"KASATKINA, Daria (AUS)",68,,0.07775,0.0312,0.011,0.00345,1648.58,workbook_elo,1805.8,1683.6,68,2026-06-08,0.0
WTA,1,5,"OSTAPENKO, Jelena (LAT)",35,,0.07655,0.0368,0.01565,0.0063,1706.75,workbook_elo,1851.5,1765.1,35,2026-05-27,0.0
WTA,1,10,"TJEN, Janice (INA)",41,,0.02095,0.0055,0.0015,0.00035,1555.91,workbook_elo,1669.6,1550.7,41,2026-06-15,0.0
WTA,1,4,"KESSLER, Mccartney (USA)",62,,0.0206,0.00785,0.00265,0.00115,1629.77,workbook_elo,1783.9,1664,62,2026-06-16,0.0
WTA,1,8,"RADUCANU, Emma (GBR)",32,,0.0199,0.0078,0.0028,0.00055,1615.65,workbook_elo,1834,1742.6,32,2021-08-03,80.0
WTA,1,7,"RUZIC, Antonia (CRO)",60,,0.01865,0.00645,0.0015,0.0004,1612.52,workbook_elo,1757,1637.8,60,2026-06-16,0.0
WTA,1,3,"OLIYNYKOVA, Oleksandra (UKR)",49,,0.01105,0.00395,0.0012,0.0003,1596.38,workbook_elo,1810.1,1564.3,49,2026-05-30,0.0
WTA,1,15,"JACQUEMOT, Elsa (FRA)",82,,0.00895,0.00235,0.0007,0.00015,1520.49,workbook_elo,1610.1,1523.5,82,2026-05-28,0.0
WTA,1,14,"ARANGO, Emiliana (COL)",101,,0.00615,0.0009,0.0002,0.0,1462.90,workbook_elo,1595.3,1414,101,2026-05-24,0.0
WTA,1,6,"DART, Harriet (GBR)",151,,0.0035,0.00105,0.00025,0.0001,1510.02,workbook_elo,1604,1521.4,151,2026-06-16,0.0
WTA,1,9,"FERNANDEZ, Leylah (CAN)",23,,0.0012,0.00015,5e-05,0.0,1379.38,workbook_elo,1806.4,1649.9,23,2023-09-17,260.0
WTA,1,13,Anastasia GASANOVA,210,,0.00105,0.0001,0.0,0.0,1375.94,workbook_elo,1499.1,1435.6,210,2025-07-22,80.0
WTA,1,2,Teodora KOSTOVIC,184,,0.0004,0.0,0.0,0.0,1429.98,workbook_elo,1527,1438.5,184,2026-02-01,35.0
WTA,1,11,"XU, Mimi (GBR)",327,,0.00035,0.0,0.0,0.0,1304.87,workbook_elo,1418.3,1342.3,327,2025-06-30,80.0
WTA,2,32,"ANDREEVA, Mirra",5,,0.23045,0.1105,0.06425,0.0335,1813.41,workbook_elo,2097.8,1827.3,5,2026-06-06,0.0
WTA,2,17,"MUCHOVA, Karolina (CZE)",11,,0.2304,0.0976,0.04985,0.0246,1767.39,workbook_elo,2041,1774.2,11,2026-06-18,0.0
WTA,2,29,"KREJCIKOVA, Barbora (CZE)",37,,0.149,0.05735,0.02775,0.013,1742.42,workbook_elo,1888.6,1802.3,37,2026-06-13,0.0
WTA,2,25,"SINIAKOVA, Katerina (CZE)",34,,0.0837,0.02855,0.0125,0.0049,1697.18,workbook_elo,1858.6,1751.1,34,2026-06-17,0.0
WTA,2,24,"CHWALINSKA, Maja (POL)",21,,0.0591,0.0158,0.00535,0.0022,1615.43,workbook_elo,1820.2,1593.5,21,2026-06-06,0.0
WTA,2,28,"BARTUNKOVA, Nikola (CZE)",46,,0.04465,0.0133,0.00525,0.0014,1643.12,workbook_elo,1787.5,1679.2,46,2026-06-19,0.0
WTA,2,20,"ZHANG, Shuai (CHN)",67,,0.03275,0.0082,0.00225,0.0006,1596.42,workbook_elo,1724.9,1631.2,67,2026-06-16,0.0
WTA,2,26,"ZHENG, Qinwen (CHN)",153,,0.032,0.00885,0.0028,0.0008,1626.13,workbook_elo,1857.8,1610.7,153,2026-06-17,0.0
WTA,2,31,"LINETTE, Magda (POL)",58,,0.03085,0.00925,0.0033,0.00095,1649.28,workbook_elo,1831.4,1669.4,58,2026-06-13,0.0
WTA,2,19,Bianca ANDREESCU,180,,0.02645,0.00595,0.00165,0.00025,1586.94,workbook_elo,1719.3,1602.4,180,2026-06-08,0.0
WTA,2,18,"ZAKHAROVA, Anastasia",91,,0.02025,0.0047,0.00175,0.00055,1579.71,workbook_elo,1719.7,1592.7,91,2026-05-25,0.0
WTA,2,27,"STEARNS, Peyton (USA)",63,,0.02025,0.00495,0.0015,0.00025,1588.01,workbook_elo,1820.8,1562.4,63,2026-05-29,0.0
WTA,2,21,"PARKS, Alycia (USA)",80,,0.019,0.0034,0.0005,0.0001,1524.47,workbook_elo,1663,1509.7,80,2026-05-27,0.0
WTA,2,23,Mananchaya SAWANGKAEW,164,,0.01775,0.0031,0.0006,0.00025,1542.42,workbook_elo,1697.1,1592.4,164,2026-01-18,35.0
WTA,2,22,"DUDENEY, Alicia (GBR)",246,,0.00255,0.00025,0.0001,0.0,1419.00,workbook_elo,1459.9,1383.1,246,2026-06-16,0.0
WTA,2,30,"KLUGMAN, Hannah (GBR)",412,,0.00085,0.0,0.0,0.0,1428.83,workbook_elo,1488.1,1394.2,412,2026-06-18,0.0
WTA,3,33,"PEGULA, Jessica (USA)",4,,0.4125,0.2729,0.1459,0.08775,1850.25,workbook_elo,2096.6,1903.4,4,2026-06-21,0.0
WTA,3,48,"JOVIC, Iva (USA)",17,,0.1551,0.0811,0.03215,0.01335,1736.98,workbook_elo,1905.7,1797.8,17,2026-06-13,0.0
WTA,3,41,"ALEXANDROVA, Ekaterina",19,,0.10495,0.0472,0.0164,0.0061,1689.32,workbook_elo,1824.7,1730.4,19,2026-06-17,0.0
WTA,3,40,"POTAPOVA, Anastasia (AUT)",28,,0.07485,0.0327,0.0105,0.00415,1682.69,workbook_elo,1904.1,1686.6,28,2026-06-10,0.0
WTA,3,37,"YASTREMSKA, Dayana (UKR)",66,,0.068,0.02575,0.00825,0.0028,1641.90,workbook_elo,1791.6,1673.4,66,2026-06-17,0.0
WTA,3,45,"PUTINTSEVA, Yulia (KAZ)",85,,0.0382,0.01385,0.00365,0.00085,1622.41,workbook_elo,1804.7,1640.2,85,2026-05-28,0.0
WTA,3,39,"BOUZAS MANEIRO, Jessica (ESP)",48,,0.02685,0.0092,0.0018,0.0005,1607.17,workbook_elo,1721.4,1632.2,48,,0.0
WTA,3,46,"MARIA, Tatjana (GER)",112,,0.02085,0.0068,0.00165,0.00045,1589.59,workbook_elo,1659.2,1645.5,112,2026-06-19,0.0
WTA,3,44,"TAGGER, Lilli (AUT)",83,,0.01775,0.005,0.00105,0.0002,1552.28,workbook_elo,1707.2,1528.6,83,2026-05-24,0.0
WTA,3,47,"CRISTIAN, Jaqueline (ROU)",38,,0.0175,0.0052,0.00125,0.0004,1584.70,workbook_elo,1833.9,1528.7,38,2026-06-12,0.0
WTA,3,42,"UDVARDY, Panna (HUN)",71,,0.0157,0.00385,0.00085,5e-05,1555.29,workbook_elo,1673.1,1555.9,71,2026-06-11,0.0
WTA,3,43,"TARARUDEE, Lanlana (THA)",95,,0.01395,0.00375,0.0005,0.0001,1536.75,workbook_elo,1721.2,1572.9,95,2026-03-05,35.0
WTA,3,34,"VIDMANOVA, Darja (CZE)",90,,0.0138,0.00325,0.0005,5e-05,1563.60,workbook_elo,1688.1,1586.7,90,2026-03-30,0.0
WTA,3,35,"SORRIBES TORMO, Sara (ESP) SR",252,,0.0126,0.00355,0.00055,0.0001,1540.36,workbook_elo,1663.9,1537,252,,0.0
WTA,3,36,"JIMENEZ KASINTSEVA, Victoria (AND)",111,,0.0069,0.00095,0.0003,0.0,1502.17,workbook_elo,1612,1482.6,111,,0.0
WTA,3,38,Aoi ITO,999,,0.0005,5e-05,0.0,0.0,1369.00,local_elo,,,,,80.0
WTA,4,64,"GAUFF, Coco (USA)",7,,0.32435,0.19315,0.09295,0.0503,1807.37,workbook_elo,2071.2,1822.8,7,2026-06-17,0.0
WTA,4,49,"BENCIC, Belinda (SUI)",12,,0.2197,0.1173,0.0512,0.02395,1765.52,workbook_elo,1989,1790.9,12,2026-05-31,0.0
WTA,4,56,"KALINSKAYA, Anna",20,,0.11235,0.0505,0.01735,0.00765,1711.47,workbook_elo,1915,1727,20,2026-06-03,0.0
WTA,4,52,"COCCIARETTO, Elisabetta (ITA)",44,,0.09015,0.03815,0.01225,0.0041,1667.54,workbook_elo,1819.7,1702,44,2026-05-26,0.0
WTA,4,54,"PARRY, Diane (FRA)",47,,0.05615,0.02135,0.00665,0.00135,1638.04,workbook_elo,1753.4,1686.9,47,2026-06-18,0.0
WTA,4,58,"SONMEZ, Zeynep (TUR)",54,,0.05405,0.0197,0.0056,0.002,1639.71,workbook_elo,1787.9,1670.2,54,2026-06-18,0.0
WTA,4,57,"LI, Ann (USA)",29,,0.0417,0.01475,0.00435,0.00095,1621.49,workbook_elo,1818,1606.4,29,2026-06-19,0.0
WTA,4,61,"SIERRA, Solana (ARG)",56,,0.0364,0.0121,0.0033,0.00065,1615.78,workbook_elo,1774.3,1617.5,56,2026-06-12,0.0
WTA,4,60,"VANDEWINKEL, Hanne (BEL)",100,,0.02705,0.00775,0.00165,0.0005,1561.97,workbook_elo,1704.2,1560.9,100,2026-06-11,0.0
WTA,4,55,"FRECH, Magdalena (POL)",43,,0.01405,0.00415,0.0007,0.0001,1569.36,workbook_elo,1728.9,1565.1,43,2026-06-16,0.0
WTA,4,62,"BONDAR, Anna (HUN)",75,,0.0137,0.0037,0.0005,0.00015,1550.47,workbook_elo,1748.1,1513.4,75,2026-06-15,0.0
WTA,4,63,"KORPATSCH, Tamara (GER)",79,,0.00545,0.00115,0.00015,5e-05,1504.47,workbook_elo,1675.8,1449.7,79,2026-06-09,0.0
WTA,4,53,"JONES, Francesca (GBR)",103,,0.003,0.0006,5e-05,0.0,1481.65,workbook_elo,1625.8,1444,103,2026-06-15,0.0
WTA,4,50,"STOJSAVLJEVIC, Mika (GBR)",276,,0.00135,0.00045,5e-05,0.0,1426.10,workbook_elo,1511.7,1382.3,276,2026-06-09,0.0
WTA,4,59,Claire LIU,999,,0.0005,5e-05,0.0,0.0,1369.00,local_elo,,,,,80.0
WTA,4,51,"WANG, Xinyu (CHN)",52,,5e-05,5e-05,0.0,0.0,1289.44,workbook_elo,1742.2,1689.1,52,2019-09-22,350.0
WTA,5,65,"SVITOLINA, Elina (UKR)",8,,0.30635,0.17875,0.1062,0.05305,1816.67,workbook_elo,2067.1,1844.5,8,2026-06-19,0.0
WTA,5,80,"KOSTYUK, Marta (UKR)",13,,0.2433,0.1236,0.0621,0.0264,1755.32,workbook_elo,2056.7,1737.4,13,2026-06-04,0.0
WTA,5,73,"NAVARRO, Emma (USA)",24,,0.1109,0.0497,0.02075,0.0069,1700.91,workbook_elo,1849.9,1755.8,24,2026-06-21,0.0
WTA,5,72,"VEKIC, Donna (CRO)",33,,0.06755,0.02915,0.0117,0.0038,1672.24,workbook_elo,1807.6,1728.6,33,2026-06-17,0.0
WTA,5,69,"TOMLJANOVIC, Ajla (AUS)",98,,0.05625,0.01925,0.00535,0.00135,1618.54,workbook_elo,1722.7,1666.6,98,2026-06-13,0.0
WTA,5,71,Ashlyn KRUEGER,96,,0.05575,0.0217,0.00745,0.0019,1654.30,workbook_elo,1779.1,1710.8,96,2026-05-26,0.0
WTA,5,74,"BADOSA, Paula (ESP)",140,,0.0381,0.0133,0.004,0.00085,1623.96,workbook_elo,1779,1646.7,140,2026-06-19,0.0
WTA,5,77,"STARODUBTSEVA, Yuliia (UKR)",55,,0.0314,0.0102,0.0029,0.00055,1609.83,workbook_elo,1775.1,1617.4,55,2026-06-17,0.0
WTA,5,66,"SNIGUR, Daria (UKR)",78,,0.02865,0.0099,0.00315,0.00095,1621.54,workbook_elo,1772.7,1639.9,78,2026-06-12,0.0
WTA,5,78,"BLINKOVA, Anna",107,,0.0181,0.0056,0.00165,0.00025,1578.91,workbook_elo,1697.1,1610.7,107,2026-06-15,0.0
WTA,5,76,"KRAUS, Sinja (AUT)",93,,0.0138,0.00385,0.0007,0.0,1533.72,workbook_elo,1698.3,1516.4,93,2026-05-24,0.0
WTA,5,68,Leolia JEANJEAN,133,,0.0106,0.0027,0.00065,5e-05,1526.39,workbook_elo,1653.2,1500.7,133,2026-05-25,0.0
WTA,5,67,"ERJAVEC, Veronika (SLO)",87,,0.0095,0.0024,0.0004,0.0,1523.69,workbook_elo,1621.3,1531.7,87,2026-05-25,0.0
WTA,5,75,"SELEKHMETEVA, Oksana (ESP)",89,,0.0095,0.0021,0.00025,5e-05,1518.60,workbook_elo,1667,1490.8,89,2026-05-24,0.0
WTA,5,79,"PODOROSKA, Nadia (ARG) SR",104,,0.0002,0.0,0.0,0.0,1299.85,local_elo,,,,2025-01-13,170.0
WTA,5,70,Mariam BOLKVADZE,539,,5e-05,5e-05,0.0,0.0,1262.59,workbook_elo,1479.4,1397.2,539,2025-06-10,170.0
WTA,6,96,"SWIATEK, Iga (POL)",3,,0.3922,0.26935,0.174,0.0988,1871.71,workbook_elo,2080.1,1935.8,3,2026-05-31,0.0
WTA,6,89,"EALA, Alexandra (PHI)",30,,0.1407,0.07385,0.03425,0.01255,1737.68,workbook_elo,1910.7,1821.9,30,2026-06-20,0.0
WTA,6,81,"PAOLINI, Jasmine (ITA)",14,,0.12335,0.06095,0.02765,0.01095,1730.51,workbook_elo,1921.7,1770.3,14,2026-05-27,0.0
WTA,6,84,"GOLUBIC, Viktorija (SUI)",64,,0.0493,0.01895,0.00615,0.0014,1634.76,workbook_elo,1774.7,1670.9,64,2026-06-20,0.0
WTA,6,85,"KALININA, Anhelina (UKR)",70,,0.0476,0.01765,0.006,0.00195,1640.13,workbook_elo,1829.5,1652.7,70,2026-05-26,0.0
WTA,6,82,Robin MONTGOMERY,194,,0.04475,0.0181,0.0061,0.0017,1653.74,workbook_elo,1747.4,1736.2,194,2026-06-13,0.0
WTA,6,93,"VALENTOVA, Tereza (CZE)",61,,0.04255,0.0144,0.00455,0.00155,1622.02,workbook_elo,1824.6,1609.7,61,2026-06-15,0.0
WTA,6,92,"JOINT, Maya (AUS)",53,,0.0354,0.01175,0.0033,0.00085,1581.03,workbook_elo,1677.7,1603.6,53,2026-06-15,0.0
WTA,6,87,"SAKKARI, Maria (GRE)",39,,0.03525,0.0138,0.00445,0.0013,1625.66,workbook_elo,1811.6,1630.7,39,2026-06-15,0.0
WTA,6,88,"TAUSON, Clara (DEN)",25,,0.0306,0.0111,0.00365,0.001,1618.96,workbook_elo,1775,1617.6,25,2026-06-16,0.0
WTA,6,95,"TOWNSEND, Taylor (USA)",81,,0.0231,0.008,0.0026,0.0005,1627.69,workbook_elo,1836.2,1627.5,81,2026-05-26,0.0
WTA,6,86,"RAKHIMOVA, Kamilla (UZB)",65,,0.0209,0.0061,0.0017,0.0004,1588.19,workbook_elo,1706.6,1620.2,65,2026-06-13,0.0
WTA,6,90,"ZARAZUA, Renata (MEX)",76,,0.0095,0.0027,0.00065,0.00015,1552.93,workbook_elo,1676.7,1556.9,76,2026-06-16,0.0
WTA,6,83,Iryna SHYMANOVICH,216,,0.00455,0.001,0.00025,5e-05,1489.12,workbook_elo,1552,1480.3,216,2026-04-17,0.0
WTA,6,94,"PLISKOVA, Karolina (CZE) SR",74,,0.00025,5e-05,0.0,0.0,1355.70,workbook_elo,1880.3,1763.6,74,2009-07-14,350.0
WTA,6,91,Serena WILLIAMS,999,,0.0,0.0,0.0,0.0,1099.00,local_elo,,,,2022-09-03,350.0
WTA,7,112,"NOSKOVA, Linda (CZE)",10,,0.27845,0.1583,0.08775,0.0433,1801.49,workbook_elo,1996.5,1875.2,10,2026-06-21,0.0
WTA,7,104,"KEYS, Madison (USA)",27,,0.2478,0.12905,0.0653,0.0273,1758.95,workbook_elo,1966.8,1793.2,27,2026-06-19,0.0
WTA,7,97,"ANISIMOVA, Amanda (USA)",6,,0.2252,0.10985,0.05035,0.02035,1745.33,workbook_elo,1913.6,1768,6,2026-06-12,0.0
WTA,7,105,"CIRSTEA, Sorana (ROU)",18,,0.1124,0.05055,0.02275,0.0083,1705.26,workbook_elo,1956.6,1688.7,18,2026-06-12,0.0
WTA,7,109,"OSORIO, Camila (COL)",69,,0.04055,0.0132,0.0044,0.0013,1629.44,workbook_elo,1822.7,1635.5,69,,0.0
WTA,7,107,"BIRRELL, Kimberly (AUS)",73,,0.01965,0.00535,0.0009,0.00015,1570.53,workbook_elo,1734.9,1566.4,73,2026-06-16,0.0
WTA,7,100,"KENIN, Sofia (USA)",104,,0.01755,0.0046,0.00075,0.0003,1566.97,workbook_elo,1702.7,1583.2,104,2026-06-16,0.0
WTA,7,101,"BEGU, Irina-Camelia (ROU) SR",78,,0.01325,0.00255,0.0005,5e-05,1507.81,local_elo,,,,2026-04-21,0.0
WTA,7,106,"BEJLEK, Sara (CZE)",45,,0.0111,0.00335,0.00085,0.0002,1551.01,workbook_elo,1760.5,1481.9,45,2026-06-16,0.0
WTA,7,108,Alina KORNEEVA,94,,0.0109,0.00305,0.0006,0.00015,1538.48,workbook_elo,1700.2,1497,94,2026-05-28,0.0
WTA,7,99,"MARCINKO, Petra (CRO)",51,,0.0079,0.0015,0.0001,5e-05,1520.15,workbook_elo,1695.9,1467.7,51,2026-05-25,0.0
WTA,7,110,"WALTERT, Simona (SUI)",88,,0.0079,0.00185,0.00025,0.0,1519.24,workbook_elo,1682,1486.8,88,2026-05-26,0.0
WTA,7,111,"SEIDEL, Ella (GER)",97,,0.00675,0.0018,0.0006,5e-05,1525.85,workbook_elo,1623,1526.8,97,2026-05-25,0.0
WTA,7,103,Kayla DAY,999,,0.00055,5e-05,0.0,0.0,1369.00,local_elo,,,,,80.0
WTA,7,102,"SWAN, Katie (GBR)",196,,5e-05,0.0,0.0,0.0,1231.29,workbook_elo,1554.5,1498.1,196,2023-07-03,260.0
WTA,7,98,Lina GJORCHESKA,223,,0.0,0.0,0.0,0.0,1097.26,workbook_elo,1481.8,1426.7,223,2017-04-11,350.0
WTA,8,128,"RYBAKINA, Elena (KAZ)",2,,0.3771,0.2524,0.15915,0.0871,1862.80,workbook_elo,2122.5,1883.7,2,2026-06-18,0.0
WTA,8,113,"SHNAIDER, Diana",16,,0.12435,0.0579,0.025,0.00875,1703.65,workbook_elo,1909.8,1727.2,16,2026-06-15,0.0
WTA,8,121,"MERTENS, Elise (BEL)",26,,0.09805,0.0463,0.0202,0.00755,1711.96,workbook_elo,1891.3,1748.1,26,2026-06-17,0.0
WTA,8,120,"BOUZKOVA, Marie (CZE)",22,,0.0964,0.04355,0.0175,0.0061,1709.87,workbook_elo,1870.9,1751.3,22,2026-06-21,0.0
WTA,8,117,"BOULTER, Katie (GBR)",59,,0.0905,0.0396,0.0173,0.00605,1691.37,workbook_elo,1843.3,1755,59,2026-06-13,0.0
WTA,8,116,"SAMSONOVA, Liudmila",42,,0.05005,0.01945,0.00595,0.002,1651.77,workbook_elo,1764.1,1693.4,42,2026-06-15,0.0
WTA,8,126,"MCNALLY, Caty (USA)",50,,0.04235,0.0181,0.00685,0.0022,1667.52,workbook_elo,1819.7,1716.2,50,2026-06-18,0.0
WTA,8,122,"SIEGEMUND, Laura (GER)",40,,0.0359,0.0126,0.00385,0.0012,1636.93,workbook_elo,1779,1663.8,40,2026-06-10,0.0
WTA,8,125,"RUSE, Elena-Gabriela (ROU)",105,,0.02505,0.00935,0.0027,0.0009,1635.24,workbook_elo,1788.2,1694.5,105,,0.0
WTA,8,115,Polina KUDERMETOVA,116,,0.0157,0.0048,0.00095,0.0003,1578.61,workbook_elo,1722.3,1576.6,116,2026-06-09,0.0
WTA,8,119,"GIBSON, Talia (AUS)",57,,0.01525,0.0043,0.00115,5e-05,1587.66,workbook_elo,1745.6,1590.4,57,2026-06-19,0.0
WTA,8,123,"HADDAD MAIA, Beatriz (BRA)",117,,0.0137,0.00325,0.0009,0.00015,1550.36,workbook_elo,1614.9,1583.6,117,,0.0
WTA,8,124,Maria TIMOFEEVA,92,,0.0068,0.0013,0.00025,0.0001,1519.35,workbook_elo,1708,1440.8,92,2026-04-13,0.0
WTA,8,127,"BOISSON, Lois (FRA)",154,,0.0061,0.00145,0.0005,5e-05,1548.36,workbook_elo,1727.9,1499.4,154,2026-06-10,0.0
WTA,8,118,Tyra GRANT,173,,0.002,0.0006,0.0001,0.0,1453.83,workbook_elo,1671.2,1510.6,173,,80.0
WTA,8,114,Eva LYS,999,,0.0007,0.0,0.0,0.0,1369.00,local_elo,,,,,80.0
